timestamp,action,details
2026-01-21 14:02:53,fetch_jobs,"{'keyword': 'python developer', 'num_jobs': 4}"
2026-01-21 14:06:40,fetch_jobs,"{'keyword': 'python developer', 'num_jobs': 8}"
2026-01-21 14:11:19,fetch_jobs,"{'keyword': 'python developer', 'num_jobs': 7}"
2026-01-21 14:11:32,analyze_job,"{'job_title': 'COMPUTER SCIENTIST', 'skills_count': 0}"
2026-01-21 14:21:21,fetch_jobs,"{'keyword': 'python developer', 'num_jobs': 4}"
2026-01-21 14:22:52,fetch_jobs,"{'keyword': 'python developer', 'num_jobs': 4}"
2026-01-21 14:24:21,fetch_jobs,"{'keyword': 'python developer', 'num_jobs': 7}"
2026-01-21 14:24:33,analyze_job,"{'job_title': 'COMPUTER SCIENTIST', 'skills_count': 0}"
2026-01-21 14:24:41,generate_resume,"{'job_title': 'COMPUTER SCIENTIST', 'resume_version': 'v1'}"
2026-01-21 14:24:44,generate_message,"{'job_title': 'COMPUTER SCIENTIST', 'preview': 'Dear Hiring Manager, I am excited to apply...'}"
2026-01-21 14:24:46,apply,"{'job_title': 'COMPUTER SCIENTIST', 'status': 'sent'}"
2026-01-21 14:31:37,fetch_jobs,"{'keyword': 'python developer', 'num_jobs': 1}"
2026-01-21 14:31:46,analyze_job,"{'job_title': 'COMPUTER SCIENTIST', 'skills_count': 0}"
2026-01-26 16:26:12,fetch_jobs,"{'keyword': 'python developer', 'num_jobs': 7}"
2026-01-26 16:26:24,analyze_job,"{'job_title': 'COMPUTER SCIENTIST', 'skills_count': 0}"
2026-01-26 16:27:26,analyze_job,"{'job_title': 'COMPUTER SCIENTIST', 'skills_count': 5}"
2026-01-26 16:28:39,analyze_job,"{'job_title': 'COMPUTER SCIENTIST', 'skills_count': 0}"
2026-01-26 16:29:06,generate_resume,"{'job_title': 'COMPUTER SCIENTIST', 'resume_version': 'v1'}"
2026-01-26 16:29:09,generate_message,"{'job_title': 'COMPUTER SCIENTIST', 'preview': 'Dear Hiring Manager, I am excited to apply...'}"
2026-01-26 16:29:24,generate_resume,"{'job_title': 'COMPUTER SCIENTIST', 'resume_version': 'v1'}"
2026-01-26 16:31:19,fetch_jobs,"{'keyword': 'python developer', 'num_jobs': 1}"
2026-01-26 16:31:22,fetch_jobs,"{'keyword': 'python developer', 'num_jobs': 11}"
2026-01-26 16:31:32,analyze_job,"{'job_title': 'COMPUTER SCIENTIST', 'skills_count': 13}"
2026-01-26 16:35:38,analyze_job,"{'job_title': 'COMPUTER SCIENTIST', 'skills_count': 20}"
2026-01-26 16:36:37,fetch_jobs,"{'keyword': 'java developer', 'num_jobs': 4}"
2026-01-26 16:36:49,analyze_job,"{'job_title': 'JAVA Angular Full Stack Web Application Developer', 'skills_count': 4}"
2026-01-26 16:38:40,fetch_jobs,"{'keyword': 'python developer', 'num_jobs': 6}"
2026-01-26 16:38:51,analyze_job,"{'job_title': 'COMPUTER SCIENTIST', 'skills_count': 14}"
2026-01-26 16:39:03,analyze_job,"{'job_title': 'COMPUTER SCIENTIST', 'skills_count': 14}"
2026-01-26 16:40:24,generate_resume,"{'job_title': 'COMPUTER SCIENTIST', 'resume_version': 'v1'}"
2026-01-26 17:01:43,fetch_jobs,"{'keyword': 'python developer', 'num_jobs': 4}"
2026-01-26 17:03:23,fetch_jobs,"{'keyword': 'python developer', 'num_jobs': 9}"
2026-01-26 17:03:34,analyze_job,"{'job_title': 'COMPUTER SCIENTIST', 'skills_count': 14}"
2026-01-26 17:04:14,fetch_jobs,"{'keyword': 'python developer', 'num_jobs': 7}"
2026-01-26 17:04:30,fetch_jobs,"{'keyword': 'python developer', 'num_jobs': 7}"
2026-01-26 17:04:38,fetch_jobs,"{'keyword': 'python developer', 'num_jobs': 7}"
2026-01-26 17:04:52,fetch_jobs,"{'keyword': 'python developer', 'num_jobs': 7}"
2026-01-26 17:05:26,fetch_jobs,"{'keyword': 'python developer', 'num_jobs': 8}"
2026-01-26 17:07:18,fetch_jobs,"{'keyword': 'python developer', 'num_jobs': 11}"
2026-01-26 17:08:39,analyze_job,"{'job_title': 'COMPUTER SCIENTIST', 'skills_count': 14}"
2026-01-26 17:08:56,analyze_job,"{'job_title': 'ENGINEER/SCIENTIST Unmanned Surface Vessel Lead Mission Autonomy Software Developer', 'skills_count': 23}"
2026-01-26 17:12:52,fetch_jobs,"{'keyword': 'python developer', 'num_jobs': 12}"
2026-01-26 17:15:16,fetch_jobs,"{'keyword': 'python developer', 'num_jobs': 8}"
2026-01-26 17:20:12,analyze_job,"{'job_title': 'COMPUTER SCIENTIST', 'skills_count': 11}"
2026-01-26 18:26:24,fetch_jobs,"{'keyword': 'python developer', 'num_jobs': 5}"
2026-01-26 18:26:35,analyze_job,"{'job_title': 'COMPUTER SCIENTIST', 'skills_count': 14}"
2026-01-26 18:27:58,analyze_job,"{'job_title': 'ENGINEER/SCIENTIST Unmanned Surface Vessel Lead Mission Autonomy Software Developer', 'skills_count': 24}"
2026-01-26 18:28:24,fetch_jobs,"{'keyword': 'java', 'num_jobs': 5}"
2026-01-26 18:28:38,analyze_job,"{'job_title': 'JAVA Angular Full Stack Web Application Developer', 'skills_count': 4}"
2026-01-26 18:28:48,analyze_job,"{'job_title': 'Food and Beverage Attendant NA-03', 'skills_count': 10}"
2026-01-26 21:05:02,fetch_jobs,"{'keyword': 'python developer', 'num_jobs': 8}"
2026-01-26 21:05:15,analyze_job,"{'job_title': 'COMPUTER SCIENTIST', 'skills_count': 14}"
2026-01-26 21:07:26,generate_resume,"{'job_title': 'COMPUTER SCIENTIST', 'resume_version': 'v1'}"
2026-01-26 21:47:04,fetch_jobs,"{'keyword': 'python developer', 'num_jobs': 7}"
2026-01-26 21:47:15,analyze_job,"{'job_title': 'COMPUTER SCIENTIST', 'skills_count': 14}"
2026-01-26 21:50:40,analyze_job,"{'job_title': 'COMPUTER SCIENTIST', 'skills_count': 12}"
2026-01-26 21:53:23,analyze_job,"{'job_title': 'ENGINEER/SCIENTIST Unmanned Surface Vessel Lead Mission Autonomy Software Developer', 'skills_count': 33}"
2026-01-26 21:56:03,fetch_jobs,"{'keyword': 'python developer', 'num_jobs': 11}"
2026-01-26 21:56:18,analyze_job,"{'job_title': 'COMPUTER SCIENTIST', 'skills_count': 12}"
2026-01-26 21:56:28,analyze_job,"{'job_title': 'ENGINEER/SCIENTIST Unmanned Surface Vessel Lead Mission Autonomy Software Developer', 'skills_count': 29}"
2026-01-26 21:57:48,analyze_job,"{'job_title': 'COMPUTER SCIENTIST', 'skills_count': 14}"
2026-01-26 21:58:35,fetch_jobs,"{'keyword': 'python developer', 'num_jobs': 8}"
2026-01-26 21:58:45,analyze_job,"{'job_title': 'COMPUTER SCIENTIST', 'skills_count': 18}"
2026-01-26 21:58:56,analyze_job,"{'job_title': 'ENGINEER/SCIENTIST Unmanned Surface Vessel Lead Mission Autonomy Software Developer', 'skills_count': 36}"
2026-01-26 22:01:36,fetch_jobs,"{'keyword': 'python developer', 'num_jobs': 12}"
2026-01-26 22:01:47,analyze_job,"{'job_title': 'COMPUTER SCIENTIST', 'skills_count': 11}"
2026-01-26 22:01:58,analyze_job,"{'job_title': 'ENGINEER/SCIENTIST Unmanned Surface Vessel Lead Mission Autonomy Software Developer', 'skills_count': 28}"
2026-01-26 22:04:19,analyze_job,"{'job_title': 'COMPUTER SCIENTIST', 'skills_count': 8}"
2026-01-26 22:06:10,fetch_jobs,"{'keyword': 'python developer', 'num_jobs': 8}"
2026-01-26 22:06:27,analyze_job,"{'job_title': 'COMPUTER SCIENTIST', 'skills_count': 5}"
2026-01-26 22:06:39,analyze_job,"{'job_title': 'ENGINEER/SCIENTIST Unmanned Surface Vessel Lead Mission Autonomy Software Developer', 'skills_count': 20}"
2026-01-26 22:09:13,fetch_jobs,"{'keyword': 'python developer', 'num_jobs': 6}"
2026-01-26 22:09:23,analyze_job,"{'job_title': 'COMPUTER SCIENTIST', 'skills_count': 11}"
2026-01-26 22:09:34,analyze_job,"{'job_title': 'ENGINEER/SCIENTIST Unmanned Surface Vessel Lead Mission Autonomy Software Developer', 'skills_count': 11}"
2026-01-26 22:12:14,fetch_jobs,"{'keyword': 'python developer', 'num_jobs': 6}"
2026-01-26 22:12:23,analyze_job,"{'job_title': 'COMPUTER SCIENTIST', 'skills_count': 11}"
2026-01-26 22:12:34,analyze_job,"{'job_title': 'ENGINEER/SCIENTIST Unmanned Surface Vessel Lead Mission Autonomy Software Developer', 'skills_count': 11}"
2026-01-26 22:16:08,fetch_jobs,"{'keyword': 'python developer', 'num_jobs': 12}"
2026-01-26 22:16:19,analyze_job,"{'job_title': 'COMPUTER SCIENTIST', 'skills_count': 11}"
2026-01-26 22:16:30,analyze_job,"{'job_title': 'ENGINEER/SCIENTIST Unmanned Surface Vessel Lead Mission Autonomy Software Developer', 'skills_count': 11}"
2026-01-26 22:17:45,fetch_jobs,"{'keyword': 'python developer', 'num_jobs': 8}"
2026-01-26 22:17:56,analyze_job,"{'job_title': 'COMPUTER SCIENTIST', 'skills_count': 11}"
2026-01-26 22:18:09,analyze_job,"{'job_title': 'ENGINEER/SCIENTIST Unmanned Surface Vessel Lead Mission Autonomy Software Developer', 'skills_count': 11}"
2026-01-26 22:20:58,fetch_jobs,"{'keyword': 'python developer', 'num_jobs': 9}"
2026-01-26 22:21:07,analyze_job,"{'job_title': 'COMPUTER SCIENTIST', 'skills_count': 11}"
2026-01-26 22:21:19,analyze_job,"{'job_title': 'ENGINEER/SCIENTIST Unmanned Surface Vessel Lead Mission Autonomy Software Developer', 'skills_count': 11}"
2026-01-26 22:24:59,fetch_jobs,"{'keyword': 'python developer', 'num_jobs': 9}"
2026-01-26 22:25:12,analyze_job,"{'job_title': 'COMPUTER SCIENTIST', 'skills_count': 11}"
2026-01-26 22:25:29,analyze_job,"{'job_title': 'ENGINEER/SCIENTIST Unmanned Surface Vessel Lead Mission Autonomy Software Developer', 'skills_count': 30}"
2026-01-26 22:26:50,analyze_job,"{'job_title': 'COMPUTER SCIENTIST', 'skills_count': 11}"
2026-01-26 22:27:03,analyze_job,"{'job_title': 'ENGINEER/SCIENTIST Unmanned Surface Vessel Lead Mission Autonomy Software Developer', 'skills_count': 16}"
2026-01-26 22:27:21,analyze_job,"{'job_title': 'COMPUTER SCIENTIST', 'skills_count': 11}"
2026-01-26 22:27:32,analyze_job,"{'job_title': 'ENGINEER/SCIENTIST Unmanned Surface Vessel Lead Mission Autonomy Software Developer', 'skills_count': 19}"
2026-01-26 22:30:18,analyze_job,"{'job_title': 'COMPUTER SCIENTIST', 'skills_count': 11}"
2026-01-26 22:30:33,analyze_job,"{'job_title': 'ENGINEER/SCIENTIST Unmanned Surface Vessel Lead Mission Autonomy Software Developer', 'skills_count': 18}"
2026-01-26 22:31:23,analyze_job,"{'job_title': 'COMPUTER SCIENTIST', 'skills_count': 11}"
2026-01-26 22:32:08,fetch_jobs,"{'keyword': 'python developer', 'num_jobs': 9}"
2026-01-26 22:33:07,fetch_jobs,"{'keyword': 'python developer', 'num_jobs': 14}"
2026-01-26 22:33:17,analyze_job,"{'job_title': 'COMPUTER SCIENTIST', 'skills_count': 10}"
2026-01-26 22:33:29,analyze_job,"{'job_title': 'ENGINEER/SCIENTIST Unmanned Surface Vessel Lead Mission Autonomy Software Developer', 'skills_count': 14}"
2026-01-26 22:49:47,fetch_jobs,"{'keyword': 'python developer', 'num_jobs': 8}"
2026-01-26 22:49:57,analyze_job,"{'job_title': 'COMPUTER SCIENTIST', 'skills_count': 10}"
2026-01-26 22:53:07,fetch_jobs,"{'keyword': 'python developer', 'num_jobs': 8}"
2026-01-26 22:53:20,analyze_job,"{'job_title': 'COMPUTER SCIENTIST', 'skills_count': 10}"
2026-01-26 22:53:37,analyze_job,"{'job_title': 'ENGINEER/SCIENTIST Unmanned Surface Vessel Lead Mission Autonomy Software Developer', 'skills_count': 20}"
2026-01-26 22:54:56,analyze_job,"{'job_title': 'ENGINEER/SCIENTIST Unmanned Surface Vessel Lead Mission Autonomy Software Developer', 'skills_count': 20}"
2026-01-26 22:55:19,analyze_job,"{'job_title': 'COMPUTER SCIENTIST', 'skills_count': 10}"
2026-01-26 22:56:23,fetch_jobs,"{'keyword': 'java developer', 'num_jobs': 1}"
2026-01-26 22:56:25,fetch_jobs,"{'keyword': 'java developer', 'num_jobs': 7}"
2026-01-26 22:56:32,fetch_jobs,"{'keyword': 'java ', 'num_jobs': 7}"
2026-01-26 22:56:46,analyze_job,"{'job_title': 'Food and Beverage Attendant NA-03', 'skills_count': 0}"
2026-01-27 19:46:19,fetch_jobs,"{'keyword': 'python developer', 'num_jobs': 10}"
2026-01-27 19:46:34,analyze_job,"{'job_title': 'COMPUTER SCIENTIST', 'skills_count': 7}"
2026-01-27 19:49:39,fetch_jobs,"{'keyword': 'python developer', 'num_jobs': 5}"
2026-01-27 19:49:52,analyze_job,"{'job_title': 'COMPUTER SCIENTIST', 'skills_count': 11}"
2026-01-27 19:59:01,fetch_jobs,"{'keyword': 'python developer', 'num_jobs': 8}"
2026-01-27 19:59:13,analyze_job,"{'job_title': 'COMPUTER SCIENTIST', 'skills_count': 7}"
2026-01-27 20:09:24,analyze_job,"{'job_title': 'ENGINEER/SCIENTIST Unmanned Surface Vessel Lead Mission Autonomy Software Developer', 'skills_count': 24}"
2026-01-27 20:10:05,analyze_job,"{'job_title': 'Solutions Development Office Technical Analyst (O-5 Billet) Non-Supervisory', 'skills_count': 34}"
2026-01-27 21:16:52,fetch_jobs,"{'keyword': 'python developer', 'num_jobs': 9}"
2026-01-27 21:17:02,analyze_job,"{'job_title': 'COMPUTER SCIENTIST', 'skills_count': 7}"
2026-01-27 21:25:17,fetch_jobs,"{'keyword': 'python developer', 'num_jobs': 11}"
2026-01-27 21:25:26,analyze_job,"{'job_title': 'COMPUTER SCIENTIST', 'skills_count': 11}"
2026-01-27 21:37:34,fetch_jobs,"{'keyword': 'python developer', 'num_jobs': 10}"
2026-01-27 21:37:46,analyze_job,"{'job_title': 'COMPUTER SCIENTIST', 'skills_count': 8}"
2026-01-27 21:40:24,fetch_jobs,"{'keyword': 'python developer', 'num_jobs': 10}"
2026-01-27 21:40:51,analyze_job,"{'job_title': 'COMPUTER SCIENTIST', 'skills_count': 8}"
2026-01-27 21:47:50,analyze_job,"{'job_title': 'COMPUTER SCIENTIST', 'skills_count': 9}"
2026-01-27 21:51:20,fetch_jobs,"{'keyword': 'python developer', 'num_jobs': 12}"
2026-01-27 21:51:39,analyze_job,"{'job_title': 'COMPUTER SCIENTIST', 'skills_count': 11}"
2026-01-27 22:05:03,fetch_jobs,"{'keyword': 'python developer', 'num_jobs': 8}"
2026-01-27 22:05:22,analyze_job,"{'job_title': 'COMPUTER SCIENTIST', 'skills_count': 7}"
2026-01-27 22:09:20,fetch_jobs,"{'keyword': 'python developer', 'num_jobs': 9}"
2026-01-27 22:09:30,analyze_job,"{'job_title': 'COMPUTER SCIENTIST', 'skills_count': 11}"
2026-01-27 22:13:21,fetch_jobs,"{'keyword': 'python developer', 'num_jobs': 10}"
2026-01-27 22:13:32,analyze_job,"{'job_title': 'COMPUTER SCIENTIST', 'skills_count': 12}"
2026-01-27 22:14:40,fetch_jobs,"{'keyword': 'python developer', 'num_jobs': 8}"
2026-01-27 22:14:51,analyze_job,"{'job_title': 'COMPUTER SCIENTIST', 'skills_count': 11}"
2026-01-27 22:15:57,analyze_job,"{'job_title': 'COMPUTER SCIENTIST', 'skills_count': 11}"
2026-01-27 22:16:59,fetch_jobs,"{'keyword': 'python developer', 'num_jobs': 1}"
2026-01-27 22:17:10,analyze_job,"{'job_title': 'COMPUTER SCIENTIST', 'skills_count': 7}"
2026-01-27 22:25:27,fetch_jobs,"{'keyword': 'python developer', 'num_jobs': 8}"
2026-01-27 22:25:37,analyze_job,"{'job_title': 'COMPUTER SCIENTIST', 'skills_count': 7}"
2026-01-27 22:32:10,fetch_jobs,"{'keyword': 'python developer', 'num_jobs': 3}"
2026-01-27 22:32:20,analyze_job,"{'job_title': 'COMPUTER SCIENTIST', 'skills_count': 7}"
2026-01-27 22:35:37,fetch_jobs,"{'keyword': 'python developer', 'num_jobs': 5}"
2026-01-27 22:35:46,analyze_job,"{'job_title': 'COMPUTER SCIENTIST', 'skills_count': 10}"
2026-01-27 22:41:22,fetch_jobs,"{'keyword': 'python developer', 'num_jobs': 7}"
2026-01-27 22:41:34,analyze_job,"{'job_title': 'COMPUTER SCIENTIST', 'skills_count': 8}"
2026-01-27 22:56:57,fetch_jobs,"{'keyword': 'python developer', 'num_jobs': 11}"
2026-01-27 22:57:07,analyze_job,"{'job_title': 'COMPUTER SCIENTIST', 'skills_count': 8}"
2026-01-27 23:13:24,fetch_jobs,"{'keyword': 'python developer', 'num_jobs': 9}"
2026-01-27 23:13:34,analyze_job,"{'job_title': 'COMPUTER SCIENTIST', 'skills_count': 8}"
2026-01-27 23:18:32,fetch_jobs,"{'keyword': 'python developer', 'num_jobs': 12}"
2026-01-27 23:18:49,analyze_job,"{'job_title': 'COMPUTER SCIENTIST', 'skills_count': 9}"
2026-02-03 22:50:03,fetch_jobs,"{'keyword': 'python developer', 'num_jobs': 3}"
2026-02-03 22:50:38,analyze_job,"{'job_title': 'COMPUTER SCIENTIST', 'skills_count': 8}"
2026-02-03 23:34:22,fetch_jobs,"{'keyword': 'python developer', 'num_jobs': 1}"
2026-02-03 23:34:36,analyze_job,"{'job_title': 'COMPUTER SCIENTIST', 'skills_count': 9}"
2026-02-03 23:35:35,fetch_jobs,"{'keyword': 'python developer', 'num_jobs': 13}"
2026-02-03 23:59:47,fetch_jobs,"{'keyword': 'python developer', 'num_jobs': 7}"
2026-02-04 00:00:04,analyze_job,"{'job_title': 'COMPUTER SCIENTIST', 'skills_count': 11}"
2026-02-04 00:01:32,fetch_jobs,"{'keyword': 'python developer', 'num_jobs': 11}"
2026-02-04 00:01:48,analyze_job,"{'job_title': 'COMPUTER SCIENTIST', 'skills_count': 8}"
2026-02-04 00:04:57,fetch_jobs,"{'keyword': 'python developer', 'num_jobs': 1}"
2026-02-04 00:05:10,analyze_job,"{'job_title': 'COMPUTER SCIENTIST', 'skills_count': 15}"
2026-02-04 00:23:51,fetch_jobs,"{'keyword': 'python developer', 'num_jobs': 9}"
2026-02-04 00:24:07,analyze_job,"{'job_title': 'COMPUTER SCIENTIST', 'skills_count': 8}"
2026-02-05 00:12:34,fetch_jobs,"{'keyword': 'python developer', 'num_jobs': 9}"
2026-02-05 00:12:49,analyze_job,"{'job_title': 'COMPUTER SCIENTIST', 'skills_count': 9}"
2026-02-05 00:16:07,fetch_jobs,"{'keyword': 'python developer', 'num_jobs': 7}"
2026-02-05 00:16:32,analyze_job,"{'job_title': 'COMPUTER SCIENTIST', 'skills_count': 7}"
2026-02-05 10:45:11,fetch_jobs,"{'keyword': 'python developer', 'num_jobs': 6}"
2026-02-05 10:45:28,analyze_job,"{'job_title': 'COMPUTER SCIENTIST', 'skills_count': 8}"
2026-02-05 10:47:42,fetch_jobs,"{'keyword': 'python developer', 'num_jobs': 7}"
2026-02-05 10:47:53,analyze_job,"{'job_title': 'COMPUTER SCIENTIST', 'skills_count': 10}"
2026-02-05 11:24:08,fetch_jobs,"{'keyword': 'python developer', 'num_jobs': 7}"
2026-02-05 11:27:15,fetch_jobs,"{'keyword': 'python developer', 'num_jobs': 11}"
2026-02-05 11:27:26,analyze_job,"{'job_title': 'COMPUTER SCIENTIST', 'skills_count': 7}"
2026-02-05 11:33:54,fetch_jobs,"{'keyword': 'python developer', 'num_jobs': 1}"
2026-02-05 11:34:03,analyze_job,"{'job_title': 'COMPUTER SCIENTIST', 'skills_count': 12}"
2026-02-05 11:40:05,analyze_job,"{'job_title': 'COMPUTER SCIENTIST', 'skills_count': 11}"
2026-02-05 11:42:13,analyze_job,"{'job_title': 'COMPUTER SCIENTIST', 'skills_count': 7}"
2026-02-05 12:13:05,fetch_jobs,"{'keyword': 'python developer', 'num_jobs': 6}"
2026-02-05 12:13:16,analyze_job,"{'job_title': 'COMPUTER SCIENTIST', 'skills_count': 11}"
2026-02-05 12:14:18,fetch_jobs,"{'keyword': 'python developer', 'num_jobs': 6}"
2026-02-05 12:14:26,fetch_jobs,"{'keyword': 'python developer', 'num_jobs': 12}"
2026-02-05 12:14:40,analyze_job,"{'job_title': 'COMPUTER SCIENTIST', 'skills_count': 11}"
2026-02-05 12:21:58,fetch_jobs,"{'keyword': 'python developer', 'num_jobs': 7}"
2026-02-05 12:22:12,analyze_job,"{'job_title': 'COMPUTER SCIENTIST', 'skills_count': 8}"
2026-02-05 12:24:27,analyze_job,"{'job_title': 'COMPUTER SCIENTIST', 'skills_count': 8}"
2026-02-05 12:34:32,fetch_jobs,"{'keyword': 'python developer', 'num_jobs': 10}"
2026-02-05 12:34:43,analyze_job,"{'job_title': 'COMPUTER SCIENTIST', 'skills_count': 8}"
2026-02-05 12:36:04,fetch_jobs,"{'keyword': 'python developer', 'num_jobs': 5}"
2026-02-05 12:36:16,analyze_job,"{'job_title': 'COMPUTER SCIENTIST', 'skills_count': 14}"
2026-02-05 12:40:47,fetch_jobs,"{'keyword': 'python developer', 'num_jobs': 5}"
2026-02-05 12:40:51,fetch_jobs,"{'keyword': 'python developer', 'num_jobs': 5}"
2026-02-05 12:41:01,analyze_job,"{'job_title': 'COMPUTER SCIENTIST', 'skills_count': 8}"
2026-02-05 12:48:52,fetch_jobs,"{'keyword': 'python developer', 'num_jobs': 8}"
2026-02-05 12:49:02,analyze_job,"{'job_title': 'COMPUTER SCIENTIST', 'skills_count': 7}"
2026-02-05 12:53:46,fetch_jobs,"{'keyword': 'python developer', 'num_jobs': 11}"
2026-02-05 12:53:57,analyze_job,"{'job_title': 'COMPUTER SCIENTIST', 'skills_count': 8}"
2026-02-05 13:05:53,fetch_jobs,"{'keyword': 'python developer', 'num_jobs': 13}"
2026-02-05 13:06:04,analyze_job,"{'job_title': 'COMPUTER SCIENTIST', 'skills_count': 13}"
2026-02-05 13:11:06,fetch_jobs,"{'keyword': 'python developer', 'num_jobs': 8}"
2026-02-05 13:11:16,analyze_job,"{'job_title': 'COMPUTER SCIENTIST', 'skills_count': 9}"
2026-02-05 13:29:09,fetch_jobs,"{'keyword': 'python developer', 'num_jobs': 6}"
2026-02-05 13:29:11,fetch_jobs,"{'keyword': 'python developer', 'num_jobs': 6}"
2026-02-05 13:29:20,analyze_job,"{'job_title': 'COMPUTER SCIENTIST', 'skills_count': 9}"
